dia,hora,conteo_in,conteo_out
Lunes,07:00,41,30
Lunes,07:05,43,29
Lunes,07:10,44,32
Lunes,07:15,46,33
Lunes,07:20,70,44
Lunes,07:25,73,41
Lunes,07:30,85,58
Lunes,07:35,85,54
Lunes,07:40,90,49
Lunes,07:45,91,46
Lunes,07:50,90,75
Lunes,07:55,92,80
Lunes,08:00,112,74
Lunes,08:05,112,77
Lunes,08:10,94,82
Lunes,08:15,91,79
Lunes,08:20,100,71
Lunes,08:25,100,71
Lunes,08:30,96,54
Lunes,08:35,95,52
Lunes,08:40,103,74
Lunes,08:45,101,71
Lunes,08:50,84,71
Lunes,08:55,87,72
Lunes,09:00,90,74
Lunes,09:05,85,72
Lunes,09:10,96,57
Lunes,09:15,92,57
Lunes,09:20,93,57
Lunes,09:25,99,58
Lunes,09:30,81,53
Lunes,09:35,84,56
Lunes,09:40,81,59
Lunes,09:45,87,56
Lunes,09:50,58,43
Lunes,09:55,55,45
Lunes,10:00,49,34
Lunes,10:05,50,27
Lunes,10:10,57,35
Lunes,10:15,48,33
Lunes,10:20,55,38
Lunes,10:25,52,44
Lunes,10:30,63,41
Lunes,10:35,60,40
Lunes,10:40,57,40
Lunes,10:45,54,40
Lunes,10:50,41,26
Lunes,10:55,41,25
Lunes,11:00,51,29
Lunes,11:05,52,31
Lunes,11:10,66,41
Lunes,11:15,62,46
Lunes,11:20,64,56
Lunes,11:25,65,52
Lunes,11:30,58,41
Lunes,11:35,57,39
Lunes,11:40,57,36
Lunes,11:45,55,37
Lunes,11:50,61,48
Lunes,11:55,60,44
Lunes,12:00,69,48
Lunes,12:05,63,50
Lunes,12:10,64,34
Lunes,12:15,58,39
Lunes,12:20,70,50
Lunes,12:25,66,55
Lunes,12:30,61,54
Lunes,12:35,56,53
Lunes,12:40,80,62
Lunes,12:45,82,65
Lunes,12:50,67,51
Lunes,12:55,68,56
Lunes,13:00,59,57
Lunes,13:05,59,53
Lunes,13:10,59,55
Lunes,13:15,60,55
Lunes,13:20,62,52
Lunes,13:25,69,54
Lunes,13:30,67,49
Lunes,13:35,62,48
Lunes,13:40,69,70
Lunes,13:45,66,68
Lunes,13:50,81,92
Lunes,13:55,83,92
Lunes,14:00,83,80
Lunes,14:05,80,80
Lunes,14:10,93,93
Lunes,14:15,95,101
Lunes,14:20,76,96
Lunes,14:25,83,92
Lunes,14:30,91,85
Lunes,14:35,87,89
Lunes,14:40,95,89
Lunes,14:45,96,92
Lunes,14:50,71,94
Lunes,14:55,78,95
Lunes,15:00,92,77
Lunes,15:05,92,77
Lunes,15:10,95,87
Lunes,15:15,88,83
Lunes,15:20,78,74
Lunes,15:25,76,81
Lunes,15:30,71,61
Lunes,15:35,70,65
Lunes,15:40,56,52
Lunes,15:45,55,48
Lunes,15:50,57,51
Lunes,15:55,56,54
Lunes,16:00,50,41
Lunes,16:05,48,50
Lunes,16:10,37,22
Lunes,16:15,37,23
Lunes,16:20,50,39
Lunes,16:25,51,44
Lunes,16:30,53,38
Lunes,16:35,57,36
Lunes,16:40,55,31
Lunes,16:45,55,34
Lunes,16:50,53,40
Lunes,16:55,58,42
Lunes,17:00,43,42
Lunes,17:05,44,41
Lunes,17:10,53,45
Lunes,17:15,49,44
Lunes,17:20,40,31
Lunes,17:25,36,36
Lunes,17:30,48,34
Lunes,17:35,54,35
Lunes,17:40,56,38
Lunes,17:45,52,36
Lunes,17:50,50,27
Lunes,17:55,53,30
Lunes,18:00,57,35
Lunes,18:05,59,41
Lunes,18:10,48,44
Lunes,18:15,48,44
Lunes,18:20,49,45
Lunes,18:25,50,41
Lunes,18:30,28,35
Lunes,18:35,36,31
Lunes,18:40,47,31
Lunes,18:45,44,33
Lunes,18:50,48,29
Lunes,18:55,51,33
Lunes,19:00,42,21
Lunes,19:05,39,22
Lunes,19:10,41,25
Lunes,19:15,38,25
Lunes,19:20,34,26
Lunes,19:25,33,22
Lunes,19:30,52,21
Lunes,19:35,50,23
Lunes,19:40,43,20
Lunes,19:45,48,21
Lunes,19:50,46,38
Lunes,19:55,48,38
Lunes,20:00,35,24
Lunes,20:05,31,22
Lunes,20:10,29,25
Lunes,20:15,32,25
Lunes,20:20,30,30
Lunes,20:25,26,22
Lunes,20:30,30,27
Lunes,20:35,28,31
Lunes,20:40,29,27
Lunes,20:45,24,28
Lunes,20:50,38,30
Lunes,20:55,38,30
Lunes,21:00,31,23
Lunes,21:05,29,25
Lunes,21:10,23,30
Lunes,21:15,29,27
Lunes,21:20,24,16
Lunes,21:25,27,18
Lunes,21:30,29,18
Lunes,21:35,31,18
Lunes,21:40,18,16
Lunes,21:45,16,26
Lunes,21:50,19,22
Lunes,21:55,21,19
Lunes,22:00,15,7
Lunes,22:05,19,8
Lunes,22:10,20,3
Lunes,22:15,15,8
Lunes,22:20,9,11
Lunes,22:25,14,11
Lunes,22:30,9,6
Lunes,22:35,10,3
Lunes,22:40,17,11
Lunes,22:45,19,14
Lunes,22:50,10,17
Lunes,22:55,7,10
Lunes,23:00,15,12
Lunes,23:05,10,13
Lunes,23:10,4,13
Lunes,23:15,8,6
Lunes,23:20,5,4
Lunes,23:25,4,3
Lunes,23:30,11,14
Lunes,23:35,9,10
Lunes,23:40,11,1
Lunes,23:45,4,1
Lunes,23:50,6,2
Lunes,23:55,3,1
Martes,07:00,41,34
Martes,07:05,45,32
Martes,07:10,44,38
Martes,07:15,39,39
Martes,07:20,69,41
Martes,07:25,67,41
Martes,07:30,76,53
Martes,07:35,75,56
Martes,07:40,92,50
Martes,07:45,92,50
Martes,07:50,88,76
Martes,07:55,91,74
Martes,08:00,106,79
Martes,08:05,104,82
Martes,08:10,93,82
Martes,08:15,93,80
Martes,08:20,96,75
Martes,08:25,94,75
Martes,08:30,94,69
Martes,08:35,96,66
Martes,08:40,97,70
Martes,08:45,98,77
Martes,08:50,92,66
Martes,08:55,88,61
Martes,09:00,85,68
Martes,09:05,85,69
Martes,09:10,106,65
Martes,09:15,102,64
Martes,09:20,105,56
Martes,09:25,102,55
Martes,09:30,72,54
Martes,09:35,81,53
Martes,09:40,81,65
Martes,09:45,83,68
Martes,09:50,59,54
Martes,09:55,51,51
Martes,10:00,54,39
Martes,10:05,59,37
Martes,10:10,52,41
Martes,10:15,50,38
Martes,10:20,53,42
Martes,10:25,63,46
Martes,10:30,62,36
Martes,10:35,59,41
Martes,10:40,57,41
Martes,10:45,59,39
Martes,10:50,53,31
Martes,10:55,54,34
Martes,11:00,51,33
Martes,11:05,50,36
Martes,11:10,58,44
Martes,11:15,57,48
Martes,11:20,66,49
Martes,11:25,63,52
Martes,11:30,45,45
Martes,11:35,53,46
Martes,11:40,51,36
Martes,11:45,53,36
Martes,11:50,61,56
Martes,11:55,65,49
Martes,12:00,63,49
Martes,12:05,67,36
Martes,12:10,60,41
Martes,12:15,56,39
Martes,12:20,68,68
Martes,12:25,68,62
Martes,12:30,68,48
Martes,12:35,68,53
Martes,12:40,77,62
Martes,12:45,81,64
Martes,12:50,69,52
Martes,12:55,62,56
Martes,13:00,66,61
Martes,13:05,60,57
Martes,13:10,65,54
Martes,13:15,63,58
Martes,13:20,68,52
Martes,13:25,67,52
Martes,13:30,66,54
Martes,13:35,65,50
Martes,13:40,62,65
Martes,13:45,63,66
Martes,13:50,84,97
Martes,13:55,84,97
Martes,14:00,90,78
Martes,14:05,86,85
Martes,14:10,98,99
Martes,14:15,97,98
Martes,14:20,86,92
Martes,14:25,81,96
Martes,14:30,92,92
Martes,14:35,87,97
Martes,14:40,98,94
Martes,14:45,96,92
Martes,14:50,71,87
Martes,14:55,73,85
Martes,15:00,85,88
Martes,15:05,90,85
Martes,15:10,99,87
Martes,15:15,105,90
Martes,15:20,78,76
Martes,15:25,76,77
Martes,15:30,73,70
Martes,15:35,71,64
Martes,15:40,52,50
Martes,15:45,59,53
Martes,15:50,57,56
Martes,15:55,55,53
Martes,16:00,53,42
Martes,16:05,53,46
Martes,16:10,38,27
Martes,16:15,37,26
Martes,16:20,49,44
Martes,16:25,47,47
Martes,16:30,57,38
Martes,16:35,56,38
Martes,16:40,50,32
Martes,16:45,46,33
Martes,16:50,55,39
Martes,16:55,57,38
Martes,17:00,48,46
Martes,17:05,50,43
Martes,17:10,50,47
Martes,17:15,52,41
Martes,17:20,47,30
Martes,17:25,43,28
Martes,17:30,52,43
Martes,17:35,53,48
Martes,17:40,54,44
Martes,17:45,58,47
Martes,17:50,51,32
Martes,17:55,54,36
Martes,18:00,51,36
Martes,18:05,56,42
Martes,18:10,47,42
Martes,18:15,44,43
Martes,18:20,48,45
Martes,18:25,46,44
Martes,18:30,36,36
Martes,18:35,37,30
Martes,18:40,40,32
Martes,18:45,38,34
Martes,18:50,42,29
Martes,18:55,43,28
Martes,19:00,34,25
Martes,19:05,41,31
Martes,19:10,37,30
Martes,19:15,37,27
Martes,19:20,35,23
Martes,19:25,40,25
Martes,19:30,60,31
Martes,19:35,61,35
Martes,19:40,41,18
Martes,19:45,51,24
Martes,19:50,53,25
Martes,19:55,47,30
Martes,20:00,33,26
Martes,20:05,33,27
Martes,20:10,37,26
Martes,20:15,36,23
Martes,20:20,30,16
Martes,20:25,23,20
Martes,20:30,33,31
Martes,20:35,37,31
Martes,20:40,30,23
Martes,20:45,29,21
Martes,20:50,39,23
Martes,20:55,35,23
Martes,21:00,36,23
Martes,21:05,34,23
Martes,21:10,27,25
Martes,21:15,23,24
Martes,21:20,20,21
Martes,21:25,25,16
Martes,21:30,27,15
Martes,21:35,27,19
Martes,21:40,16,21
Martes,21:45,18,18
Martes,21:50,26,13
Martes,21:55,24,12
Martes,22:00,17,12
Martes,22:05,15,11
Martes,22:10,14,11
Martes,22:15,11,6
Martes,22:20,13,4
Martes,22:25,11,9
Martes,22:30,11,11
Martes,22:35,13,7
Martes,22:40,13,11
Martes,22:45,17,9
Martes,22:50,11,10
Martes,22:55,15,10
Martes,23:00,10,10
Martes,23:05,8,7
Martes,23:10,4,9
Martes,23:15,4,13
Martes,23:20,8,3
Martes,23:25,4,5
Martes,23:30,7,7
Martes,23:35,9,8
Martes,23:40,12,5
Martes,23:45,7,1
Martes,23:50,3,1
Martes,23:55,4,1
Miércoles,07:00,38,40
Miércoles,07:05,41,39
Miércoles,07:10,37,35
Miércoles,07:15,38,38
Miércoles,07:20,70,40
Miércoles,07:25,73,38
Miércoles,07:30,80,47
Miércoles,07:35,78,43
Miércoles,07:40,84,51
Miércoles,07:45,87,51
Miércoles,07:50,94,79
Miércoles,07:55,103,77
Miércoles,08:00,102,62
Miércoles,08:05,102,76
Miércoles,08:10,96,86
Miércoles,08:15,93,85
Miércoles,08:20,99,70
Miércoles,08:25,98,72
Miércoles,08:30,93,61
Miércoles,08:35,93,62
Miércoles,08:40,100,69
Miércoles,08:45,98,68
Miércoles,08:50,88,63
Miércoles,08:55,83,65
Miércoles,09:00,87,79
Miércoles,09:05,88,81
Miércoles,09:10,99,65
Miércoles,09:15,101,64
Miércoles,09:20,97,59
Miércoles,09:25,96,66
Miércoles,09:30,82,56
Miércoles,09:35,82,52
Miércoles,09:40,83,57
Miércoles,09:45,85,56
Miércoles,09:50,43,52
Miércoles,09:55,46,48
Miércoles,10:00,53,34
Miércoles,10:05,53,32
Miércoles,10:10,52,34
Miércoles,10:15,50,32
Miércoles,10:20,58,42
Miércoles,10:25,55,45
Miércoles,10:30,65,35
Miércoles,10:35,67,37
Miércoles,10:40,57,39
Miércoles,10:45,58,39
Miércoles,10:50,44,30
Miércoles,10:55,43,29
Miércoles,11:00,58,38
Miércoles,11:05,56,36
Miércoles,11:10,58,51
Miércoles,11:15,54,47
Miércoles,11:20,60,56
Miércoles,11:25,68,57
Miércoles,11:30,47,49
Miércoles,11:35,55,46
Miércoles,11:40,58,33
Miércoles,11:45,57,34
Miércoles,11:50,63,50
Miércoles,11:55,61,49
Miércoles,12:00,69,41
Miércoles,12:05,68,55
Miércoles,12:10,60,41
Miércoles,12:15,66,36
Miércoles,12:20,69,66
Miércoles,12:25,68,68
Miércoles,12:30,64,59
Miércoles,12:35,64,50
Miércoles,12:40,77,67
Miércoles,12:45,69,67
Miércoles,12:50,70,66
Miércoles,12:55,73,57
Miércoles,13:00,55,59
Miércoles,13:05,63,59
Miércoles,13:10,61,63
Miércoles,13:15,61,65
Miércoles,13:20,69,59
Miércoles,13:25,69,52
Miércoles,13:30,65,50
Miércoles,13:35,61,51
Miércoles,13:40,68,65
Miércoles,13:45,60,62
Miércoles,13:50,77,100
Miércoles,13:55,76,99
Miércoles,14:00,81,77
Miércoles,14:05,82,76
Miércoles,14:10,92,95
Miércoles,14:15,90,100
Miércoles,14:20,92,81
Miércoles,14:25,92,86
Miércoles,14:30,97,86
Miércoles,14:35,95,92
Miércoles,14:40,91,91
Miércoles,14:45,86,92
Miércoles,14:50,75,93
Miércoles,14:55,75,88
Miércoles,15:00,91,80
Miércoles,15:05,92,82
Miércoles,15:10,106,89
Miércoles,15:15,111,94
Miércoles,15:20,74,82
Miércoles,15:25,82,77
Miércoles,15:30,72,58
Miércoles,15:35,70,55
Miércoles,15:40,61,55
Miércoles,15:45,59,53
Miércoles,15:50,57,46
Miércoles,15:55,52,44
Miércoles,16:00,47,42
Miércoles,16:05,52,43
Miércoles,16:10,34,29
Miércoles,16:15,41,33
Miércoles,16:20,48,37
Miércoles,16:25,48,31
Miércoles,16:30,59,43
Miércoles,16:35,51,42
Miércoles,16:40,40,31
Miércoles,16:45,37,30
Miércoles,16:50,50,44
Miércoles,16:55,48,35
Miércoles,17:00,49,42
Miércoles,17:05,48,42
Miércoles,17:10,50,51
Miércoles,17:15,46,47
Miércoles,17:20,42,34
Miércoles,17:25,43,34
Miércoles,17:30,48,38
Miércoles,17:35,48,33
Miércoles,17:40,56,41
Miércoles,17:45,60,43
Miércoles,17:50,50,35
Miércoles,17:55,52,35
Miércoles,18:00,58,41
Miércoles,18:05,61,40
Miércoles,18:10,45,40
Miércoles,18:15,41,43
Miércoles,18:20,54,50
Miércoles,18:25,51,45
Miércoles,18:30,34,29
Miércoles,18:35,36,27
Miércoles,18:40,38,32
Miércoles,18:45,30,30
Miércoles,18:50,45,17
Miércoles,18:55,44,19
Miércoles,19:00,37,23
Miércoles,19:05,41,24
Miércoles,19:10,37,29
Miércoles,19:15,40,32
Miércoles,19:20,35,18
Miércoles,19:25,37,17
Miércoles,19:30,55,28
Miércoles,19:35,56,32
Miércoles,19:40,46,17
Miércoles,19:45,53,24
Miércoles,19:50,45,34
Miércoles,19:55,40,30
Miércoles,20:00,31,23
Miércoles,20:05,29,24
Miércoles,20:10,36,27
Miércoles,20:15,36,29
Miércoles,20:20,36,27
Miércoles,20:25,31,22
Miércoles,20:30,35,28
Miércoles,20:35,35,24
Miércoles,20:40,22,13
Miércoles,20:45,24,17
Miércoles,20:50,44,19
Miércoles,20:55,38,21
Miércoles,21:00,34,24
Miércoles,21:05,41,21
Miércoles,21:10,25,17
Miércoles,21:15,27,16
Miércoles,21:20,21,20
Miércoles,21:25,18,17
Miércoles,21:30,28,16
Miércoles,21:35,24,23
Miércoles,21:40,17,18
Miércoles,21:45,16,18
Miércoles,21:50,19,11
Miércoles,21:55,28,4
Miércoles,22:00,17,12
Miércoles,22:05,18,10
Miércoles,22:10,9,2
Miércoles,22:15,12,9
Miércoles,22:20,14,5
Miércoles,22:25,14,5
Miércoles,22:30,13,9
Miércoles,22:35,12,13
Miércoles,22:40,23,12
Miércoles,22:45,12,13
Miércoles,22:50,11,10
Miércoles,22:55,13,5
Miércoles,23:00,13,11
Miércoles,23:05,6,10
Miércoles,23:10,6,8
Miércoles,23:15,1,8
Miércoles,23:20,7,6
Miércoles,23:25,8,13
Miércoles,23:30,9,7
Miércoles,23:35,4,6
Miércoles,23:40,8,4
Miércoles,23:45,5,5
Miércoles,23:50,1,1
Miércoles,23:55,1,6
Jueves,07:00,48,34
Jueves,07:05,51,29
Jueves,07:10,40,44
Jueves,07:15,38,45
Jueves,07:20,71,40
Jueves,07:25,74,43
Jueves,07:30,71,54
Jueves,07:35,74,53
Jueves,07:40,91,51
Jueves,07:45,84,54
Jueves,07:50,92,70
Jueves,07:55,92,65
Jueves,08:00,110,78
Jueves,08:05,113,75
Jueves,08:10,99,82
Jueves,08:15,96,84
Jueves,08:20,110,69
Jueves,08:25,107,75
Jueves,08:30,93,61
Jueves,08:35,98,60
Jueves,08:40,98,73
Jueves,08:45,101,70
Jueves,08:50,87,62
Jueves,08:55,84,64
Jueves,09:00,86,76
Jueves,09:05,89,77
Jueves,09:10,103,66
Jueves,09:15,102,63
Jueves,09:20,99,63
Jueves,09:25,103,58
Jueves,09:30,85,59
Jueves,09:35,81,53
Jueves,09:40,74,55
Jueves,09:45,78,55
Jueves,09:50,51,45
Jueves,09:55,57,47
Jueves,10:00,48,28
Jueves,10:05,50,35
Jueves,10:10,51,39
Jueves,10:15,52,33
Jueves,10:20,60,47
Jueves,10:25,61,46
Jueves,10:30,62,42
Jueves,10:35,64,43
Jueves,10:40,48,40
Jueves,10:45,52,42
Jueves,10:50,46,30
Jueves,10:55,46,32
Jueves,11:00,55,33
Jueves,11:05,49,33
Jueves,11:10,63,44
Jueves,11:15,56,42
Jueves,11:20,62,42
Jueves,11:25,65,48
Jueves,11:30,49,37
Jueves,11:35,52,34
Jueves,11:40,59,36
Jueves,11:45,60,40
Jueves,11:50,62,45
Jueves,11:55,66,45
Jueves,12:00,67,48
Jueves,12:05,68,51
Jueves,12:10,55,37
Jueves,12:15,55,39
Jueves,12:20,67,61
Jueves,12:25,71,56
Jueves,12:30,63,49
Jueves,12:35,60,58
Jueves,12:40,73,62
Jueves,12:45,81,67
Jueves,12:50,67,59
Jueves,12:55,62,57
Jueves,13:00,60,57
Jueves,13:05,58,59
Jueves,13:10,69,63
Jueves,13:15,66,62
Jueves,13:20,70,66
Jueves,13:25,69,62
Jueves,13:30,62,54
Jueves,13:35,65,52
Jueves,13:40,63,67
Jueves,13:45,64,64
Jueves,13:50,74,93
Jueves,13:55,76,96
Jueves,14:00,84,75
Jueves,14:05,83,73
Jueves,14:10,94,94
Jueves,14:15,94,89
Jueves,14:20,83,96
Jueves,14:25,80,89
Jueves,14:30,98,93
Jueves,14:35,101,88
Jueves,14:40,100,87
Jueves,14:45,96,95
Jueves,14:50,68,83
Jueves,14:55,72,84
Jueves,15:00,96,88
Jueves,15:05,93,88
Jueves,15:10,95,88
Jueves,15:15,104,92
Jueves,15:20,84,76
Jueves,15:25,77,77
Jueves,15:30,73,67
Jueves,15:35,72,63
Jueves,15:40,53,50
Jueves,15:45,51,53
Jueves,15:50,53,46
Jueves,15:55,52,47
Jueves,16:00,49,37
Jueves,16:05,50,37
Jueves,16:10,38,23
Jueves,16:15,37,16
Jueves,16:20,48,42
Jueves,16:25,45,39
Jueves,16:30,59,38
Jueves,16:35,63,37
Jueves,16:40,47,33
Jueves,16:45,49,31
Jueves,16:50,52,43
Jueves,16:55,53,46
Jueves,17:00,46,36
Jueves,17:05,49,40
Jueves,17:10,50,53
Jueves,17:15,53,54
Jueves,17:20,40,31
Jueves,17:25,38,27
Jueves,17:30,48,41
Jueves,17:35,45,41
Jueves,17:40,58,48
Jueves,17:45,62,49
Jueves,17:50,55,36
Jueves,17:55,54,35
Jueves,18:00,55,38
Jueves,18:05,54,32
Jueves,18:10,50,44
Jueves,18:15,52,40
Jueves,18:20,60,44
Jueves,18:25,61,46
Jueves,18:30,40,29
Jueves,18:35,39,28
Jueves,18:40,42,26
Jueves,18:45,40,26
Jueves,18:50,44,26
Jueves,18:55,39,21
Jueves,19:00,38,20
Jueves,19:05,46,19
Jueves,19:10,35,25
Jueves,19:15,33,29
Jueves,19:20,36,27
Jueves,19:25,36,26
Jueves,19:30,51,31
Jueves,19:35,59,34
Jueves,19:40,41,18
Jueves,19:45,38,13
Jueves,19:50,53,29
Jueves,19:55,54,27
Jueves,20:00,27,17
Jueves,20:05,32,16
Jueves,20:10,43,16
Jueves,20:15,44,16
Jueves,20:20,31,19
Jueves,20:25,30,26
Jueves,20:30,40,29
Jueves,20:35,44,26
Jueves,20:40,31,27
Jueves,20:45,30,27
Jueves,20:50,27,24
Jueves,20:55,34,26
Jueves,21:00,31,20
Jueves,21:05,31,15
Jueves,21:10,24,24
Jueves,21:15,27,17
Jueves,21:20,18,13
Jueves,21:25,16,9
Jueves,21:30,33,21
Jueves,21:35,31,18
Jueves,21:40,21,26
Jueves,21:45,19,23
Jueves,21:50,20,14
Jueves,21:55,22,20
Jueves,22:00,10,6
Jueves,22:05,13,4
Jueves,22:10,14,13
Jueves,22:15,18,9
Jueves,22:20,10,6
Jueves,22:25,7,9
Jueves,22:30,6,11
Jueves,22:35,8,11
Jueves,22:40,4,6
Jueves,22:45,6,6
Jueves,22:50,15,13
Jueves,22:55,14,5
Jueves,23:00,12,5
Jueves,23:05,12,9
Jueves,23:10,10,7
Jueves,23:15,6,6
Jueves,23:20,7,16
Jueves,23:25,4,14
Jueves,23:30,6,1
Jueves,23:35,7,1
Jueves,23:40,15,8
Jueves,23:45,8,7
Jueves,23:50,1,8
Jueves,23:55,2,1
Viernes,07:00,44,38
Viernes,07:05,47,33
Viernes,07:10,50,40
Viernes,07:15,48,44
Viernes,07:20,70,39
Viernes,07:25,67,43
Viernes,07:30,72,50
Viernes,07:35,72,51
Viernes,07:40,86,48
Viernes,07:45,88,51
Viernes,07:50,96,68
Viernes,07:55,95,65
Viernes,08:00,112,72
Viernes,08:05,109,76
Viernes,08:10,86,76
Viernes,08:15,86,84
Viernes,08:20,106,71
Viernes,08:25,103,71
Viernes,08:30,87,56
Viernes,08:35,93,62
Viernes,08:40,93,75
Viernes,08:45,96,76
Viernes,08:50,83,65
Viernes,08:55,81,66
Viernes,09:00,91,76
Viernes,09:05,91,70
Viernes,09:10,106,61
Viernes,09:15,105,61
Viernes,09:20,100,52
Viernes,09:25,105,58
Viernes,09:30,84,48
Viernes,09:35,83,50
Viernes,09:40,75,60
Viernes,09:45,74,69
Viernes,09:50,57,53
Viernes,09:55,56,49
Viernes,10:00,52,31
Viernes,10:05,48,27
Viernes,10:10,55,49
Viernes,10:15,59,50
Viernes,10:20,61,42
Viernes,10:25,60,44
Viernes,10:30,56,41
Viernes,10:35,60,36
Viernes,10:40,55,38
Viernes,10:45,52,46
Viernes,10:50,45,29
Viernes,10:55,45,29
Viernes,11:00,64,37
Viernes,11:05,62,41
Viernes,11:10,60,39
Viernes,11:15,57,41
Viernes,11:20,73,51
Viernes,11:25,69,50
Viernes,11:30,50,48
Viernes,11:35,48,49
Viernes,11:40,55,34
Viernes,11:45,61,40
Viernes,11:50,53,48
Viernes,11:55,57,52
Viernes,12:00,54,42
Viernes,12:05,58,42
Viernes,12:10,57,45
Viernes,12:15,57,41
Viernes,12:20,74,61
Viernes,12:25,74,64
Viernes,12:30,63,48
Viernes,12:35,66,47
Viernes,12:40,71,67
Viernes,12:45,76,65
Viernes,12:50,65,56
Viernes,12:55,69,61
Viernes,13:00,62,56
Viernes,13:05,57,60
Viernes,13:10,71,53
Viernes,13:15,67,52
Viernes,13:20,65,61
Viernes,13:25,68,63
Viernes,13:30,64,60
Viernes,13:35,63,61
Viernes,13:40,69,67
Viernes,13:45,66,63
Viernes,13:50,86,96
Viernes,13:55,78,106
Viernes,14:00,82,74
Viernes,14:05,80,74
Viernes,14:10,92,98
Viernes,14:15,92,101
Viernes,14:20,87,89
Viernes,14:25,87,87
Viernes,14:30,88,92
Viernes,14:35,93,96
Viernes,14:40,94,86
Viernes,14:45,93,92
Viernes,14:50,62,91
Viernes,14:55,66,90
Viernes,15:00,84,94
Viernes,15:05,91,90
Viernes,15:10,94,91
Viernes,15:15,100,91
Viernes,15:20,75,70
Viernes,15:25,69,68
Viernes,15:30,70,65
Viernes,15:35,64,66
Viernes,15:40,62,53
Viernes,15:45,63,53
Viernes,15:50,57,51
Viernes,15:55,58,53
Viernes,16:00,44,42
Viernes,16:05,49,46
Viernes,16:10,32,26
Viernes,16:15,32,24
Viernes,16:20,53,45
Viernes,16:25,46,46
Viernes,16:30,56,44
Viernes,16:35,56,44
Viernes,16:40,57,33
Viernes,16:45,53,35
Viernes,16:50,59,38
Viernes,16:55,55,38
Viernes,17:00,45,40
Viernes,17:05,44,39
Viernes,17:10,44,47
Viernes,17:15,48,49
Viernes,17:20,41,29
Viernes,17:25,44,24
Viernes,17:30,44,38
Viernes,17:35,42,40
Viernes,17:40,54,47
Viernes,17:45,54,43
Viernes,17:50,44,35
Viernes,17:55,44,33
Viernes,18:00,57,40
Viernes,18:05,63,32
Viernes,18:10,49,40
Viernes,18:15,49,44
Viernes,18:20,52,36
Viernes,18:25,44,42
Viernes,18:30,43,26
Viernes,18:35,40,25
Viernes,18:40,47,29
Viernes,18:45,42,33
Viernes,18:50,44,31
Viernes,18:55,42,29
Viernes,19:00,41,19
Viernes,19:05,43,16
Viernes,19:10,35,30
Viernes,19:15,32,25
Viernes,19:20,30,17
Viernes,19:25,28,20
Viernes,19:30,59,24
Viernes,19:35,57,23
Viernes,19:40,48,24
Viernes,19:45,44,26
Viernes,19:50,44,26
Viernes,19:55,48,27
Viernes,20:00,29,26
Viernes,20:05,27,26
Viernes,20:10,33,21
Viernes,20:15,41,20
Viernes,20:20,34,22
Viernes,20:25,32,26
Viernes,20:30,38,21
Viernes,20:35,36,23
Viernes,20:40,19,27
Viernes,20:45,22,21
Viernes,20:50,46,23
Viernes,20:55,41,26
Viernes,21:00,30,26
Viernes,21:05,32,30
Viernes,21:10,32,14
Viernes,21:15,30,13
Viernes,21:20,27,4
Viernes,21:25,34,6
Viernes,21:30,26,22
Viernes,21:35,31,28
Viernes,21:40,19,25
Viernes,21:45,23,22
Viernes,21:50,18,29
Viernes,21:55,20,26
Viernes,22:00,14,14
Viernes,22:05,17,10
Viernes,22:10,14,10
Viernes,22:15,9,10
Viernes,22:20,17,16
Viernes,22:25,17,22
Viernes,22:30,13,1
Viernes,22:35,17,4
Viernes,22:40,18,12
Viernes,22:45,11,11
Viernes,22:50,18,12
Viernes,22:55,7,9
Viernes,23:00,16,11
Viernes,23:05,15,9
Viernes,23:10,5,14
Viernes,23:15,8,11
Viernes,23:20,11,10
Viernes,23:25,4,11
Viernes,23:30,1,9
Viernes,23:35,2,11
Viernes,23:40,3,3
Viernes,23:45,2,1
Viernes,23:50,2,1
Viernes,23:55,2,1
Lunes,07:00,42,28
Lunes,07:05,39,30
Lunes,07:10,48,37
Lunes,07:15,50,38
Lunes,07:20,64,42
Lunes,07:25,67,39
Lunes,07:30,79,55
Lunes,07:35,77,54
Lunes,07:40,89,49
Lunes,07:45,89,50
Lunes,07:50,92,81
Lunes,07:55,92,78
Lunes,08:00,106,74
Lunes,08:05,107,67
Lunes,08:10,94,84
Lunes,08:15,89,81
Lunes,08:20,100,71
Lunes,08:25,105,69
Lunes,08:30,99,61
Lunes,08:35,96,63
Lunes,08:40,90,76
Lunes,08:45,97,76
Lunes,08:50,89,61
Lunes,08:55,91,69
Lunes,09:00,86,69
Lunes,09:05,80,66
Lunes,09:10,105,59
Lunes,09:15,102,59
Lunes,09:20,98,59
Lunes,09:25,102,59
Lunes,09:30,77,56
Lunes,09:35,75,51
Lunes,09:40,75,62
Lunes,09:45,78,60
Lunes,09:50,54,48
Lunes,09:55,54,43
Lunes,10:00,53,30
Lunes,10:05,56,30
Lunes,10:10,53,31
Lunes,10:15,49,35
Lunes,10:20,56,38
Lunes,10:25,59,41
Lunes,10:30,57,41
Lunes,10:35,60,38
Lunes,10:40,54,44
Lunes,10:45,57,41
Lunes,10:50,45,25
Lunes,10:55,45,30
Lunes,11:00,52,34
Lunes,11:05,49,36
Lunes,11:10,62,41
Lunes,11:15,67,36
Lunes,11:20,68,45
Lunes,11:25,67,46
Lunes,11:30,55,43
Lunes,11:35,49,42
Lunes,11:40,58,37
Lunes,11:45,58,37
Lunes,11:50,61,47
Lunes,11:55,55,46
Lunes,12:00,68,50
Lunes,12:05,69,52
Lunes,12:10,52,47
Lunes,12:15,52,40
Lunes,12:20,69,59
Lunes,12:25,72,61
Lunes,12:30,68,48
Lunes,12:35,69,51
Lunes,12:40,70,65
Lunes,12:45,70,63
Lunes,12:50,66,49
Lunes,12:55,68,56
Lunes,13:00,61,58
Lunes,13:05,57,60
Lunes,13:10,67,53
Lunes,13:15,66,52
Lunes,13:20,73,58
Lunes,13:25,63,56
Lunes,13:30,63,47
Lunes,13:35,64,46
Lunes,13:40,72,68
Lunes,13:45,67,63
Lunes,13:50,77,97
Lunes,13:55,80,94
Lunes,14:00,90,74
Lunes,14:05,89,74
Lunes,14:10,92,93
Lunes,14:15,90,93
Lunes,14:20,89,91
Lunes,14:25,90,90
Lunes,14:30,85,89
Lunes,14:35,90,85
Lunes,14:40,95,99
Lunes,14:45,97,93
Lunes,14:50,70,90
Lunes,14:55,67,95
Lunes,15:00,90,81
Lunes,15:05,87,82
Lunes,15:10,96,93
Lunes,15:15,96,91
Lunes,15:20,69,77
Lunes,15:25,76,80
Lunes,15:30,81,61
Lunes,15:35,72,61
Lunes,15:40,58,53
Lunes,15:45,59,59
Lunes,15:50,54,45
Lunes,15:55,54,53
Lunes,16:00,48,47
Lunes,16:05,48,43
Lunes,16:10,32,22
Lunes,16:15,35,26
Lunes,16:20,48,45
Lunes,16:25,52,43
Lunes,16:30,60,34
Lunes,16:35,60,37
Lunes,16:40,53,28
Lunes,16:45,46,27
Lunes,16:50,53,43
Lunes,16:55,52,43
Lunes,17:00,46,47
Lunes,17:05,53,41
Lunes,17:10,58,44
Lunes,17:15,53,46
Lunes,17:20,38,27
Lunes,17:25,44,31
Lunes,17:30,52,38
Lunes,17:35,47,35
Lunes,17:40,55,41
Lunes,17:45,52,40
Lunes,17:50,40,36
Lunes,17:55,40,32
Lunes,18:00,58,31
Lunes,18:05,58,32
Lunes,18:10,44,40
Lunes,18:15,42,40
Lunes,18:20,45,46
Lunes,18:25,41,43
Lunes,18:30,42,35
Lunes,18:35,36,35
Lunes,18:40,48,31
Lunes,18:45,48,29
Lunes,18:50,46,33
Lunes,18:55,47,31
Lunes,19:00,41,29
Lunes,19:05,43,23
Lunes,19:10,36,21
Lunes,19:15,40,24
Lunes,19:20,40,28
Lunes,19:25,39,26
Lunes,19:30,52,27
Lunes,19:35,46,24
Lunes,19:40,42,22
Lunes,19:45,39,23
Lunes,19:50,40,32
Lunes,19:55,48,35
Lunes,20:00,34,14
Lunes,20:05,32,13
Lunes,20:10,35,23
Lunes,20:15,34,25
Lunes,20:20,30,31
Lunes,20:25,24,31
Lunes,20:30,34,33
Lunes,20:35,25,31
Lunes,20:40,29,25
Lunes,20:45,29,25
Lunes,20:50,35,27
Lunes,20:55,42,29
Lunes,21:00,30,24
Lunes,21:05,40,26
Lunes,21:10,23,24
Lunes,21:15,22,23
Lunes,21:20,26,14
Lunes,21:25,23,12
Lunes,21:30,29,20
Lunes,21:35,25,23
Lunes,21:40,21,26
Lunes,21:45,12,26
Lunes,21:50,17,23
Lunes,21:55,16,24
Lunes,22:00,22,14
Lunes,22:05,19,12
Lunes,22:10,10,10
Lunes,22:15,17,13
Lunes,22:20,15,11
Lunes,22:25,13,11
Lunes,22:30,13,6
Lunes,22:35,14,5
Lunes,22:40,19,4
Lunes,22:45,18,7
Lunes,22:50,22,1
Lunes,22:55,22,3
Lunes,23:00,10,7
Lunes,23:05,7,8
Lunes,23:10,6,18
Lunes,23:15,4,12
Lunes,23:20,5,4
Lunes,23:25,8,1
Lunes,23:30,14,6
Lunes,23:35,23,8
Lunes,23:40,9,1
Lunes,23:45,10,1
Lunes,23:50,5,6
Lunes,23:55,11,4
Martes,07:00,46,33
Martes,07:05,44,35
Martes,07:10,44,37
Martes,07:15,44,40
Martes,07:20,76,41
Martes,07:25,73,42
Martes,07:30,76,54
Martes,07:35,74,52
Martes,07:40,92,51
Martes,07:45,86,50
Martes,07:50,85,78
Martes,07:55,92,73
Martes,08:00,98,76
Martes,08:05,109,76
Martes,08:10,92,77
Martes,08:15,94,80
Martes,08:20,95,70
Martes,08:25,98,71
Martes,08:30,95,65
Martes,08:35,94,65
Martes,08:40,104,79
Martes,08:45,100,74
Martes,08:50,90,63
Martes,08:55,91,65
Martes,09:00,94,73
Martes,09:05,94,76
Martes,09:10,97,56
Martes,09:15,99,57
Martes,09:20,96,55
Martes,09:25,99,59
Martes,09:30,83,49
Martes,09:35,82,47
Martes,09:40,79,58
Martes,09:45,78,61
Martes,09:50,54,42
Martes,09:55,47,47
Martes,10:00,46,33
Martes,10:05,48,34
Martes,10:10,57,35
Martes,10:15,59,33
Martes,10:20,54,43
Martes,10:25,56,46
Martes,10:30,58,41
Martes,10:35,57,40
Martes,10:40,52,45
Martes,10:45,50,45
Martes,10:50,43,27
Martes,10:55,42,30
Martes,11:00,54,32
Martes,11:05,60,30
Martes,11:10,59,36
Martes,11:15,59,37
Martes,11:20,60,48
Martes,11:25,59,53
Martes,11:30,53,43
Martes,11:35,50,43
Martes,11:40,55,39
Martes,11:45,56,38
Martes,11:50,61,51
Martes,11:55,66,49
Martes,12:00,61,51
Martes,12:05,61,50
Martes,12:10,54,41
Martes,12:15,52,37
Martes,12:20,71,57
Martes,12:25,71,61
Martes,12:30,62,56
Martes,12:35,64,59
Martes,12:40,75,61
Martes,12:45,74,60
Martes,12:50,68,51
Martes,12:55,63,56
Martes,13:00,59,68
Martes,13:05,56,65
Martes,13:10,71,53
Martes,13:15,72,60
Martes,13:20,73,50
Martes,13:25,71,55
Martes,13:30,65,56
Martes,13:35,66,55
Martes,13:40,66,63
Martes,13:45,71,70
Martes,13:50,76,105
Martes,13:55,78,109
Martes,14:00,90,73
Martes,14:05,92,73
Martes,14:10,92,106
Martes,14:15,92,106
Martes,14:20,87,90
Martes,14:25,82,87
Martes,14:30,94,88
Martes,14:35,93,92
Martes,14:40,98,92
Martes,14:45,96,91
Martes,14:50,70,94
Martes,14:55,73,93
Martes,15:00,88,80
Martes,15:05,86,78
Martes,15:10,103,88
Martes,15:15,100,85
Martes,15:20,80,82
Martes,15:25,77,80
Martes,15:30,70,60
Martes,15:35,71,58
Martes,15:40,56,56
Martes,15:45,53,55
Martes,15:50,51,47
Martes,15:55,56,44
Martes,16:00,45,44
Martes,16:05,46,46
Martes,16:10,39,23
Martes,16:15,43,26
Martes,16:20,47,40
Martes,16:25,45,40
Martes,16:30,60,40
Martes,16:35,56,41
Martes,16:40,53,35
Martes,16:45,55,37
Martes,16:50,48,39
Martes,16:55,48,43
Martes,17:00,48,50
Martes,17:05,46,42
Martes,17:10,46,49
Martes,17:15,52,46
Martes,17:20,35,27
Martes,17:25,41,33
Martes,17:30,49,40
Martes,17:35,50,40
Martes,17:40,53,49
Martes,17:45,52,51
Martes,17:50,50,35
Martes,17:55,54,30
Martes,18:00,58,33
Martes,18:05,62,39
Martes,18:10,49,40
Martes,18:15,49,40
Martes,18:20,51,46
Martes,18:25,48,41
Martes,18:30,34,34
Martes,18:35,34,34
Martes,18:40,37,29
Martes,18:45,39,33
Martes,18:50,37,28
Martes,18:55,41,26
Martes,19:00,31,23
Martes,19:05,38,23
Martes,19:10,34,28
Martes,19:15,39,32
Martes,19:20,36,19
Martes,19:25,38,23
Martes,19:30,55,31
Martes,19:35,56,29
Martes,19:40,46,27
Martes,19:45,43,28
Martes,19:50,46,33
Martes,19:55,45,30
Martes,20:00,26,21
Martes,20:05,33,24
Martes,20:10,45,29
Martes,20:15,45,21
Martes,20:20,23,24
Martes,20:25,26,27
Martes,20:30,36,30
Martes,20:35,36,28
Martes,20:40,30,21
Martes,20:45,28,23
Martes,20:50,31,24
Martes,20:55,39,31
Martes,21:00,33,27
Martes,21:05,32,26
Martes,21:10,23,19
Martes,21:15,21,8
Martes,21:20,24,12
Martes,21:25,26,14
Martes,21:30,30,22
Martes,21:35,26,19
Martes,21:40,17,16
Martes,21:45,19,16
Martes,21:50,21,17
Martes,21:55,23,19
Martes,22:00,14,6
Martes,22:05,17,7
Martes,22:10,9,11
Martes,22:15,11,11
Martes,22:20,9,8
Martes,22:25,10,5
Martes,22:30,13,10
Martes,22:35,13,6
Martes,22:40,13,6
Martes,22:45,11,4
Martes,22:50,15,2
Martes,22:55,18,1
Martes,23:00,9,6
Martes,23:05,8,1
Martes,23:10,15,7
Martes,23:15,12,4
Martes,23:20,5,8
Martes,23:25,10,2
Martes,23:30,4,8
Martes,23:35,3,9
Martes,23:40,3,12
Martes,23:45,1,11
Martes,23:50,2,1
Martes,23:55,8,1
Miércoles,07:00,41,39
Miércoles,07:05,48,45
Miércoles,07:10,46,38
Miércoles,07:15,43,38
Miércoles,07:20,72,43
Miércoles,07:25,67,42
Miércoles,07:30,81,48
Miércoles,07:35,73,49
Miércoles,07:40,85,54
Miércoles,07:45,85,49
Miércoles,07:50,85,77
Miércoles,07:55,88,74
Miércoles,08:00,101,71
Miércoles,08:05,102,67
Miércoles,08:10,89,87
Miércoles,08:15,88,84
Miércoles,08:20,95,68
Miércoles,08:25,92,73
Miércoles,08:30,97,61
Miércoles,08:35,95,65
Miércoles,08:40,103,68
Miércoles,08:45,102,69
Miércoles,08:50,85,67
Miércoles,08:55,77,65
Miércoles,09:00,90,79
Miércoles,09:05,88,78
Miércoles,09:10,103,54
Miércoles,09:15,101,61
Miércoles,09:20,99,58
Miércoles,09:25,96,54
Miércoles,09:30,78,49
Miércoles,09:35,79,48
Miércoles,09:40,72,69
Miércoles,09:45,79,64
Miércoles,09:50,48,42
Miércoles,09:55,46,46
Miércoles,10:00,49,35
Miércoles,10:05,50,34
Miércoles,10:10,48,33
Miércoles,10:15,51,33
Miércoles,10:20,56,43
Miércoles,10:25,63,46
Miércoles,10:30,66,34
Miércoles,10:35,69,35
Miércoles,10:40,53,36
Miércoles,10:45,61,37
Miércoles,10:50,54,30
Miércoles,10:55,54,31
Miércoles,11:00,63,31
Miércoles,11:05,60,33
Miércoles,11:10,56,50
Miércoles,11:15,58,44
Miércoles,11:20,66,51
Miércoles,11:25,61,53
Miércoles,11:30,48,43
Miércoles,11:35,47,43
Miércoles,11:40,57,29
Miércoles,11:45,62,35
Miércoles,11:50,68,56
Miércoles,11:55,58,48
Miércoles,12:00,67,45
Miércoles,12:05,67,44
Miércoles,12:10,56,33
Miércoles,12:15,56,36
Miércoles,12:20,75,68
Miércoles,12:25,74,70
Miércoles,12:30,62,53
Miércoles,12:35,59,49
Miércoles,12:40,76,69
Miércoles,12:45,78,70
Miércoles,12:50,58,58
Miércoles,12:55,62,59
Miércoles,13:00,56,56
Miércoles,13:05,65,53
Miércoles,13:10,61,55
Miércoles,13:15,60,59
Miércoles,13:20,62,58
Miércoles,13:25,67,61
Miércoles,13:30,65,45
Miércoles,13:35,67,42
Miércoles,13:40,67,61
Miércoles,13:45,64,65
Miércoles,13:50,83,105
Miércoles,13:55,82,103
Miércoles,14:00,84,84
Miércoles,14:05,85,83
Miércoles,14:10,95,105
Miércoles,14:15,95,102
Miércoles,14:20,83,84
Miércoles,14:25,85,85
Miércoles,14:30,96,96
Miércoles,14:35,98,94
Miércoles,14:40,90,100
Miércoles,14:45,92,99
Miércoles,14:50,72,91
Miércoles,14:55,71,91
Miércoles,15:00,91,88
Miércoles,15:05,91,78
Miércoles,15:10,102,89
Miércoles,15:15,102,87
Miércoles,15:20,83,77
Miércoles,15:25,84,76
Miércoles,15:30,67,62
Miércoles,15:35,70,62
Miércoles,15:40,53,55
Miércoles,15:45,52,57
Miércoles,15:50,59,50
Miércoles,15:55,63,54
Miércoles,16:00,46,43
Miércoles,16:05,48,45
Miércoles,16:10,39,17
Miércoles,16:15,35,19
Miércoles,16:20,48,45
Miércoles,16:25,47,45
Miércoles,16:30,56,34
Miércoles,16:35,54,37
Miércoles,16:40,47,27
Miércoles,16:45,48,29
Miércoles,16:50,58,37
Miércoles,16:55,54,36
Miércoles,17:00,46,46
Miércoles,17:05,50,48
Miércoles,17:10,42,53
Miércoles,17:15,49,55
Miércoles,17:20,41,32
Miércoles,17:25,40,36
Miércoles,17:30,49,38
Miércoles,17:35,48,34
Miércoles,17:40,57,44
Miércoles,17:45,59,43
Miércoles,17:50,52,27
Miércoles,17:55,56,31
Miércoles,18:00,60,35
Miércoles,18:05,56,32
Miércoles,18:10,43,41
Miércoles,18:15,39,43
Miércoles,18:20,53,49
Miércoles,18:25,47,46
Miércoles,18:30,41,39
Miércoles,18:35,42,32
Miércoles,18:40,38,39
Miércoles,18:45,41,39
Miércoles,18:50,43,22
Miércoles,18:55,41,25
Miércoles,19:00,41,30
Miércoles,19:05,41,25
Miércoles,19:10,45,27
Miércoles,19:15,43,23
Miércoles,19:20,35,17
Miércoles,19:25,36,21
Miércoles,19:30,50,21
Miércoles,19:35,47,26
Miércoles,19:40,44,24
Miércoles,19:45,47,20
Miércoles,19:50,43,31
Miércoles,19:55,45,35
Miércoles,20:00,31,21
Miércoles,20:05,28,18
Miércoles,20:10,35,27
Miércoles,20:15,34,31
Miércoles,20:20,22,26
Miércoles,20:25,21,25
Miércoles,20:30,40,28
Miércoles,20:35,41,31
Miércoles,20:40,24,17
Miércoles,20:45,26,19
Miércoles,20:50,41,20
Miércoles,20:55,35,20
Miércoles,21:00,35,19
Miércoles,21:05,37,28
Miércoles,21:10,23,23
Miércoles,21:15,26,23
Miércoles,21:20,23,14
Miércoles,21:25,24,16
Miércoles,21:30,25,19
Miércoles,21:35,32,18
Miércoles,21:40,17,10
Miércoles,21:45,19,13
Miércoles,21:50,20,10
Miércoles,21:55,22,7
Miércoles,22:00,16,15
Miércoles,22:05,9,14
Miércoles,22:10,12,8
Miércoles,22:15,10,7
Miércoles,22:20,8,13
Miércoles,22:25,9,13
Miércoles,22:30,11,3
Miércoles,22:35,12,3
Miércoles,22:40,20,11
Miércoles,22:45,19,10
Miércoles,22:50,5,10
Miércoles,22:55,7,3
Miércoles,23:00,14,11
Miércoles,23:05,10,8
Miércoles,23:10,8,8
Miércoles,23:15,2,13
Miércoles,23:20,15,5
Miércoles,23:25,12,2
Miércoles,23:30,5,2
Miércoles,23:35,5,3
Miércoles,23:40,7,4
Miércoles,23:45,11,2
Miércoles,23:50,2,4
Miércoles,23:55,1,5
Jueves,07:00,44,28
Jueves,07:05,48,34
Jueves,07:10,41,43
Jueves,07:15,43,38
Jueves,07:20,65,41
Jueves,07:25,66,45
Jueves,07:30,72,54
Jueves,07:35,71,52
Jueves,07:40,88,57
Jueves,07:45,90,55
Jueves,07:50,92,81
Jueves,07:55,86,80
Jueves,08:00,112,81
Jueves,08:05,114,76
Jueves,08:10,90,79
Jueves,08:15,90,77
Jueves,08:20,105,72
Jueves,08:25,100,79
Jueves,08:30,94,67
Jueves,08:35,105,61
Jueves,08:40,102,70
Jueves,08:45,97,67
Jueves,08:50,85,66
Jueves,08:55,86,69
Jueves,09:00,86,67
Jueves,09:05,85,73
Jueves,09:10,101,65
Jueves,09:15,104,62
Jueves,09:20,98,64
Jueves,09:25,100,62
Jueves,09:30,87,46
Jueves,09:35,82,48
Jueves,09:40,78,55
Jueves,09:45,79,60
Jueves,09:50,42,45
Jueves,09:55,41,48
Jueves,10:00,51,27
Jueves,10:05,52,26
Jueves,10:10,51,38
Jueves,10:15,55,41
Jueves,10:20,60,45
Jueves,10:25,60,44
Jueves,10:30,56,37
Jueves,10:35,55,37
Jueves,10:40,52,35
Jueves,10:45,52,38
Jueves,10:50,46,32
Jueves,10:55,44,32
Jueves,11:00,53,28
Jueves,11:05,53,36
Jueves,11:10,61,41
Jueves,11:15,63,41
Jueves,11:20,59,47
Jueves,11:25,59,50
Jueves,11:30,50,43
Jueves,11:35,54,39
Jueves,11:40,59,36
Jueves,11:45,59,37
Jueves,11:50,63,59
Jueves,11:55,63,51
Jueves,12:00,74,49
Jueves,12:05,70,48
Jueves,12:10,61,33
Jueves,12:15,61,38
Jueves,12:20,68,60
Jueves,12:25,71,61
Jueves,12:30,60,54
Jueves,12:35,64,51
Jueves,12:40,73,62
Jueves,12:45,75,67
Jueves,12:50,61,58
Jueves,12:55,60,56
Jueves,13:00,54,67
Jueves,13:05,55,62
Jueves,13:10,73,56
Jueves,13:15,69,55
Jueves,13:20,73,61
Jueves,13:25,75,59
Jueves,13:30,63,55
Jueves,13:35,64,50
Jueves,13:40,62,67
Jueves,13:45,62,66
Jueves,13:50,78,95
Jueves,13:55,78,94
Jueves,14:00,88,79
Jueves,14:05,84,82
Jueves,14:10,94,96
Jueves,14:15,96,98
Jueves,14:20,82,88
Jueves,14:25,81,90
Jueves,14:30,91,82
Jueves,14:35,92,84
Jueves,14:40,102,90
Jueves,14:45,101,87
Jueves,14:50,76,85
Jueves,14:55,76,86
Jueves,15:00,95,92
Jueves,15:05,91,84
Jueves,15:10,107,79
Jueves,15:15,103,83
Jueves,15:20,76,74
Jueves,15:25,76,75
Jueves,15:30,75,59
Jueves,15:35,74,64
Jueves,15:40,56,54
Jueves,15:45,55,54
Jueves,15:50,54,49
Jueves,15:55,60,42
Jueves,16:00,47,35
Jueves,16:05,51,35
Jueves,16:10,36,25
Jueves,16:15,32,25
Jueves,16:20,44,38
Jueves,16:25,43,38
Jueves,16:30,55,40
Jueves,16:35,59,41
Jueves,16:40,49,35
Jueves,16:45,51,34
Jueves,16:50,53,45
Jueves,16:55,59,45
Jueves,17:00,46,36
Jueves,17:05,48,34
Jueves,17:10,47,48
Jueves,17:15,53,53
Jueves,17:20,40,30
Jueves,17:25,44,30
Jueves,17:30,51,38
Jueves,17:35,53,34
Jueves,17:40,67,52
Jueves,17:45,68,48
Jueves,17:50,47,38
Jueves,17:55,48,38
Jueves,18:00,51,27
Jueves,18:05,52,31
Jueves,18:10,47,38
Jueves,18:15,51,39
Jueves,18:20,55,45
Jueves,18:25,55,48
Jueves,18:30,47,23
Jueves,18:35,41,28
Jueves,18:40,41,31
Jueves,18:45,42,34
Jueves,18:50,41,29
Jueves,18:55,38,29
Jueves,19:00,43,22
Jueves,19:05,38,22
Jueves,19:10,40,19
Jueves,19:15,38,18
Jueves,19:20,36,25
Jueves,19:25,39,21
Jueves,19:30,60,32
Jueves,19:35,59,30
Jueves,19:40,47,16
Jueves,19:45,44,11
Jueves,19:50,49,27
Jueves,19:55,56,23
Jueves,20:00,40,19
Jueves,20:05,37,16
Jueves,20:10,38,23
Jueves,20:15,49,25
Jueves,20:20,26,24
Jueves,20:25,30,21
Jueves,20:30,37,26
Jueves,20:35,36,31
Jueves,20:40,31,27
Jueves,20:45,33,31
Jueves,20:50,32,25
Jueves,20:55,35,25
Jueves,21:00,32,21
Jueves,21:05,35,27
Jueves,21:10,27,23
Jueves,21:15,28,24
Jueves,21:20,22,8
Jueves,21:25,26,14
Jueves,21:30,30,19
Jueves,21:35,31,23
Jueves,21:40,18,25
Jueves,21:45,22,23
Jueves,21:50,20,22
Jueves,21:55,19,17
Jueves,22:00,14,10
Jueves,22:05,13,7
Jueves,22:10,18,12
Jueves,22:15,17,12
Jueves,22:20,10,5
Jueves,22:25,11,5
Jueves,22:30,11,6
Jueves,22:35,9,1
Jueves,22:40,8,16
Jueves,22:45,9,12
Jueves,22:50,20,11
Jueves,22:55,13,13
Jueves,23:00,11,5
Jueves,23:05,12,3
Jueves,23:10,13,4
Jueves,23:15,9,9
Jueves,23:20,6,8
Jueves,23:25,9,10
Jueves,23:30,12,3
Jueves,23:35,6,5
Jueves,23:40,16,1
Jueves,23:45,16,6
Jueves,23:50,5,3
Jueves,23:55,12,5
Viernes,07:00,49,35
Viernes,07:05,40,31
Viernes,07:10,42,38
Viernes,07:15,49,39
Viernes,07:20,68,38
Viernes,07:25,65,38
Viernes,07:30,76,48
Viernes,07:35,77,49
Viernes,07:40,88,49
Viernes,07:45,88,50
Viernes,07:50,91,70
Viernes,07:55,89,66
Viernes,08:00,110,74
Viernes,08:05,111,75
Viernes,08:10,83,85
Viernes,08:15,82,88
Viernes,08:20,101,69
Viernes,08:25,94,66
Viernes,08:30,95,60
Viernes,08:35,95,63
Viernes,08:40,94,76
Viernes,08:45,97,74
Viernes,08:50,82,61
Viernes,08:55,84,66
Viernes,09:00,89,73
Viernes,09:05,87,71
Viernes,09:10,103,64
Viernes,09:15,107,63
Viernes,09:20,99,59
Viernes,09:25,94,58
Viernes,09:30,79,44
Viernes,09:35,72,48
Viernes,09:40,76,66
Viernes,09:45,71,68
Viernes,09:50,54,47
Viernes,09:55,53,44
Viernes,10:00,46,32
Viernes,10:05,49,35
Viernes,10:10,59,40
Viernes,10:15,56,42
Viernes,10:20,59,46
Viernes,10:25,60,43
Viernes,10:30,55,39
Viernes,10:35,57,42
Viernes,10:40,50,50
Viernes,10:45,53,47
Viernes,10:50,54,32
Viernes,10:55,52,38
Viernes,11:00,64,32
Viernes,11:05,63,40
Viernes,11:10,58,35
Viernes,11:15,61,37
Viernes,11:20,74,50
Viernes,11:25,73,51
Viernes,11:30,45,49
Viernes,11:35,51,48
Viernes,11:40,51,39
Viernes,11:45,47,32
Viernes,11:50,54,59
Viernes,11:55,62,55
Viernes,12:00,65,39
Viernes,12:05,58,42
Viernes,12:10,57,39
Viernes,12:15,64,35
Viernes,12:20,69,61
Viernes,12:25,67,61
Viernes,12:30,64,60
Viernes,12:35,64,60
Viernes,12:40,80,70
Viernes,12:45,82,66
Viernes,12:50,70,60
Viernes,12:55,69,59
Viernes,13:00,67,57
Viernes,13:05,64,56
Viernes,13:10,75,61
Viernes,13:15,65,59
Viernes,13:20,72,54
Viernes,13:25,72,59
Viernes,13:30,67,52
Viernes,13:35,67,55
Viernes,13:40,73,59
Viernes,13:45,71,64
Viernes,13:50,82,93
Viernes,13:55,84,95
Viernes,14:00,80,76
Viernes,14:05,83,73
Viernes,14:10,93,102
Viernes,14:15,93,101
Viernes,14:20,89,88
Viernes,14:25,91,82
Viernes,14:30,87,101
Viernes,14:35,91,97
Viernes,14:40,96,87
Viernes,14:45,95,83
Viernes,14:50,73,90
Viernes,14:55,72,90
Viernes,15:00,89,89
Viernes,15:05,87,92
Viernes,15:10,100,86
Viernes,15:15,105,86
Viernes,15:20,81,74
Viernes,15:25,78,75
Viernes,15:30,63,68
Viernes,15:35,62,66
Viernes,15:40,58,53
Viernes,15:45,57,53
Viernes,15:50,60,51
Viernes,15:55,56,54
Viernes,16:00,54,36
Viernes,16:05,49,37
Viernes,16:10,33,23
Viernes,16:15,30,26
Viernes,16:20,48,39
Viernes,16:25,46,39
Viernes,16:30,54,43
Viernes,16:35,55,38
Viernes,16:40,50,42
Viernes,16:45,50,45
Viernes,16:50,49,44
Viernes,16:55,51,43
Viernes,17:00,40,35
Viernes,17:05,44,33
Viernes,17:10,55,46
Viernes,17:15,56,46
Viernes,17:20,44,30
Viernes,17:25,43,27
Viernes,17:30,51,35
Viernes,17:35,51,38
Viernes,17:40,59,45
Viernes,17:45,53,50
Viernes,17:50,39,36
Viernes,17:55,41,35
Viernes,18:00,55,40
Viernes,18:05,57,41
Viernes,18:10,44,40
Viernes,18:15,45,43
Viernes,18:20,55,40
Viernes,18:25,53,37
Viernes,18:30,39,19
Viernes,18:35,43,20
Viernes,18:40,35,32
Viernes,18:45,35,33
Viernes,18:50,35,28
Viernes,18:55,38,28
Viernes,19:00,40,23
Viernes,19:05,44,22
Viernes,19:10,32,39
Viernes,19:15,29,33
Viernes,19:20,36,20
Viernes,19:25,37,21
Viernes,19:30,48,26
Viernes,19:35,58,25
Viernes,19:40,48,25
Viernes,19:45,45,23
Viernes,19:50,48,32
Viernes,19:55,47,31
Viernes,20:00,35,25
Viernes,20:05,34,20
Viernes,20:10,38,30
Viernes,20:15,42,35
Viernes,20:20,22,31
Viernes,20:25,24,31
Viernes,20:30,38,22
Viernes,20:35,35,22
Viernes,20:40,23,24
Viernes,20:45,21,24
Viernes,20:50,42,22
Viernes,20:55,41,20
Viernes,21:00,31,26
Viernes,21:05,31,25
Viernes,21:10,35,15
Viernes,21:15,26,20
Viernes,21:20,23,8
Viernes,21:25,22,9
Viernes,21:30,28,18
Viernes,21:35,27,26
Viernes,21:40,29,23
Viernes,21:45,23,21
Viernes,21:50,24,23
Viernes,21:55,26,23
Viernes,22:00,23,6
Viernes,22:05,14,8
Viernes,22:10,10,7
Viernes,22:15,15,10
Viernes,22:20,14,10
Viernes,22:25,10,5
Viernes,22:30,16,1
Viernes,22:35,12,1
Viernes,22:40,24,14
Viernes,22:45,24,11
Viernes,22:50,12,5
Viernes,22:55,12,5
Viernes,23:00,21,20
Viernes,23:05,19,15
Viernes,23:10,6,1
Viernes,23:15,10,3
Viernes,23:20,9,7
Viernes,23:25,2,6
Viernes,23:30,9,10
Viernes,23:35,5,14
Viernes,23:40,4,4
Viernes,23:45,4,7
Viernes,23:50,7,12
Viernes,23:55,4,9
Lunes,07:00,48,26
Lunes,07:05,42,29
Lunes,07:10,40,37
Lunes,07:15,46,34
Lunes,07:20,67,45
Lunes,07:25,73,45
Lunes,07:30,79,60
Lunes,07:35,82,57
Lunes,07:40,95,51
Lunes,07:45,94,47
Lunes,07:50,93,86
Lunes,07:55,93,80
Lunes,08:00,110,68
Lunes,08:05,108,65
Lunes,08:10,97,82
Lunes,08:15,95,84
Lunes,08:20,103,72
Lunes,08:25,107,71
Lunes,08:30,87,64
Lunes,08:35,95,67
Lunes,08:40,97,70
Lunes,08:45,98,70
Lunes,08:50,87,65
Lunes,08:55,84,64
Lunes,09:00,88,70
Lunes,09:05,84,66
Lunes,09:10,101,60
Lunes,09:15,101,59
Lunes,09:20,102,56
Lunes,09:25,93,61
Lunes,09:30,81,48
Lunes,09:35,83,53
Lunes,09:40,82,58
Lunes,09:45,75,60
Lunes,09:50,57,48
Lunes,09:55,46,45
Lunes,10:00,50,30
Lunes,10:05,50,34
Lunes,10:10,54,29
Lunes,10:15,58,32
Lunes,10:20,57,44
Lunes,10:25,56,39
Lunes,10:30,56,35
Lunes,10:35,59,34
Lunes,10:40,62,43
Lunes,10:45,58,38
Lunes,10:50,42,30
Lunes,10:55,42,29
Lunes,11:00,54,40
Lunes,11:05,50,36
Lunes,11:10,60,36
Lunes,11:15,65,41
Lunes,11:20,67,56
Lunes,11:25,68,56
Lunes,11:30,50,41
Lunes,11:35,49,43
Lunes,11:40,61,33
Lunes,11:45,59,33
Lunes,11:50,65,43
Lunes,11:55,65,48
Lunes,12:00,66,50
Lunes,12:05,62,52
Lunes,12:10,57,41
Lunes,12:15,58,40
Lunes,12:20,72,56
Lunes,12:25,69,61
Lunes,12:30,63,50
Lunes,12:35,60,54
Lunes,12:40,73,62
Lunes,12:45,75,64
Lunes,12:50,70,52
Lunes,12:55,68,54
Lunes,13:00,52,58
Lunes,13:05,57,52
Lunes,13:10,72,49
Lunes,13:15,73,56
Lunes,13:20,75,54
Lunes,13:25,70,52
Lunes,13:30,56,50
Lunes,13:35,61,53
Lunes,13:40,78,66
Lunes,13:45,72,74
Lunes,13:50,72,94
Lunes,13:55,73,91
Lunes,14:00,86,81
Lunes,14:05,89,77
Lunes,14:10,85,100
Lunes,14:15,90,104
Lunes,14:20,85,93
Lunes,14:25,85,93
Lunes,14:30,90,86
Lunes,14:35,84,82
Lunes,14:40,95,97
Lunes,14:45,91,102
Lunes,14:50,75,91
Lunes,14:55,74,91
Lunes,15:00,86,81
Lunes,15:05,87,85
Lunes,15:10,101,88
Lunes,15:15,96,84
Lunes,15:20,73,73
Lunes,15:25,74,75
Lunes,15:30,70,59
Lunes,15:35,72,63
Lunes,15:40,57,52
Lunes,15:45,57,47
Lunes,15:50,50,48
Lunes,15:55,56,51
Lunes,16:00,50,39
Lunes,16:05,45,41
Lunes,16:10,37,20
Lunes,16:15,39,23
Lunes,16:20,54,45
Lunes,16:25,50,45
Lunes,16:30,60,31
Lunes,16:35,61,33
Lunes,16:40,55,33
Lunes,16:45,53,35
Lunes,16:50,53,48
Lunes,16:55,53,43
Lunes,17:00,46,45
Lunes,17:05,43,44
Lunes,17:10,50,44
Lunes,17:15,51,49
Lunes,17:20,40,28
Lunes,17:25,40,28
Lunes,17:30,53,32
Lunes,17:35,57,38
Lunes,17:40,53,45
Lunes,17:45,51,46
Lunes,17:50,49,36
Lunes,17:55,48,36
Lunes,18:00,61,34
Lunes,18:05,59,34
Lunes,18:10,41,35
Lunes,18:15,45,36
Lunes,18:20,50,45
Lunes,18:25,54,45
Lunes,18:30,34,33
Lunes,18:35,30,40
Lunes,18:40,46,33
Lunes,18:45,46,34
Lunes,18:50,43,33
Lunes,18:55,47,29
Lunes,19:00,44,25
Lunes,19:05,40,28
Lunes,19:10,33,24
Lunes,19:15,33,30
Lunes,19:20,38,22
Lunes,19:25,38,28
Lunes,19:30,50,22
Lunes,19:35,46,25
Lunes,19:40,42,25
Lunes,19:45,45,26
Lunes,19:50,39,33
Lunes,19:55,44,32
Lunes,20:00,32,23
Lunes,20:05,32,24
Lunes,20:10,39,23
Lunes,20:15,38,23
Lunes,20:20,34,25
Lunes,20:25,32,21
Lunes,20:30,27,36
Lunes,20:35,23,34
Lunes,20:40,35,25
Lunes,20:45,24,28
Lunes,20:50,34,27
Lunes,20:55,41,31
Lunes,21:00,36,26
Lunes,21:05,36,29
Lunes,21:10,20,24
Lunes,21:15,26,22
Lunes,21:20,31,19
Lunes,21:25,27,11
Lunes,21:30,24,20
Lunes,21:35,29,18
Lunes,21:40,24,18
Lunes,21:45,20,18
Lunes,21:50,26,20
Lunes,21:55,23,18
Lunes,22:00,17,16
Lunes,22:05,17,16
Lunes,22:10,14,7
Lunes,22:15,20,11
Lunes,22:20,14,4
Lunes,22:25,12,9
Lunes,22:30,10,9
Lunes,22:35,12,2
Lunes,22:40,17,7
Lunes,22:45,20,7
Lunes,22:50,10,3
Lunes,22:55,16,8
Lunes,23:00,12,5
Lunes,23:05,17,13
Lunes,23:10,7,2
Lunes,23:15,4,2
Lunes,23:20,6,9
Lunes,23:25,7,8
Lunes,23:30,17,10
Lunes,23:35,13,13
Lunes,23:40,11,2
Lunes,23:45,13,2
Lunes,23:50,8,10
Lunes,23:55,10,6
Martes,07:00,48,39
Martes,07:05,41,40
Martes,07:10,41,38
Martes,07:15,44,37
Martes,07:20,72,41
Martes,07:25,75,39
Martes,07:30,72,51
Martes,07:35,75,51
Martes,07:40,90,48
Martes,07:45,89,49
Martes,07:50,85,76
Martes,07:55,89,75
Martes,08:00,104,73
Martes,08:05,108,72
Martes,08:10,95,82
Martes,08:15,97,82
Martes,08:20,102,68
Martes,08:25,98,63
Martes,08:30,99,61
Martes,08:35,95,58
Martes,08:40,101,78
Martes,08:45,102,76
Martes,08:50,87,62
Martes,08:55,87,60
Martes,09:00,88,79
Martes,09:05,86,78
Martes,09:10,104,58
Martes,09:15,100,54
Martes,09:20,106,60
Martes,09:25,106,59
Martes,09:30,80,52
Martes,09:35,75,52
Martes,09:40,80,62
Martes,09:45,80,65
Martes,09:50,55,48
Martes,09:55,52,50
Martes,10:00,46,33
Martes,10:05,49,30
Martes,10:10,57,42
Martes,10:15,58,40
Martes,10:20,55,45
Martes,10:25,59,43
Martes,10:30,62,36
Martes,10:35,64,39
Martes,10:40,56,38
Martes,10:45,54,40
Martes,10:50,49,29
Martes,10:55,47,26
Martes,11:00,56,34
Martes,11:05,50,31
Martes,11:10,53,41
Martes,11:15,54,40
Martes,11:20,68,50
Martes,11:25,68,49
Martes,11:30,45,42
Martes,11:35,48,37
Martes,11:40,57,38
Martes,11:45,52,34
Martes,11:50,54,48
Martes,11:55,56,47
Martes,12:00,65,46
Martes,12:05,61,49
Martes,12:10,54,44
Martes,12:15,56,42
Martes,12:20,70,68
Martes,12:25,74,59
Martes,12:30,67,52
Martes,12:35,66,51
Martes,12:40,77,61
Martes,12:45,75,67
Martes,12:50,71,54
Martes,12:55,73,54
Martes,13:00,57,59
Martes,13:05,62,62
Martes,13:10,66,55
Martes,13:15,67,59
Martes,13:20,60,52
Martes,13:25,64,50
Martes,13:30,69,59
Martes,13:35,72,53
Martes,13:40,64,63
Martes,13:45,62,65
Martes,13:50,78,95
Martes,13:55,72,100
Martes,14:00,86,73
Martes,14:05,90,79
Martes,14:10,100,103
Martes,14:15,99,109
Martes,14:20,92,97
Martes,14:25,89,95
Martes,14:30,95,84
Martes,14:35,95,83
Martes,14:40,97,92
Martes,14:45,100,99
Martes,14:50,70,94
Martes,14:55,76,92
Martes,15:00,93,85
Martes,15:05,92,89
Martes,15:10,101,88
Martes,15:15,101,91
Martes,15:20,78,81
Martes,15:25,79,84
Martes,15:30,70,67
Martes,15:35,72,66
Martes,15:40,57,53
Martes,15:45,55,53
Martes,15:50,59,51
Martes,15:55,56,52
Martes,16:00,40,45
Martes,16:05,46,46
Martes,16:10,37,27
Martes,16:15,34,22
Martes,16:20,47,42
Martes,16:25,49,37
Martes,16:30,48,40
Martes,16:35,51,41
Martes,16:40,51,27
Martes,16:45,55,29
Martes,16:50,57,47
Martes,16:55,56,45
Martes,17:00,44,42
Martes,17:05,54,41
Martes,17:10,47,48
Martes,17:15,49,41
Martes,17:20,43,31
Martes,17:25,43,30
Martes,17:30,52,31
Martes,17:35,51,30
Martes,17:40,62,53
Martes,17:45,54,50
Martes,17:50,47,30
Martes,17:55,49,36
Martes,18:00,57,37
Martes,18:05,61,37
Martes,18:10,52,38
Martes,18:15,42,39
Martes,18:20,45,52
Martes,18:25,49,53
Martes,18:30,30,30
Martes,18:35,30,31
Martes,18:40,36,30
Martes,18:45,38,27
Martes,18:50,43,34
Martes,18:55,44,33
Martes,19:00,34,28
Martes,19:05,32,28
Martes,19:10,35,31
Martes,19:15,41,28
Martes,19:20,35,24
Martes,19:25,40,19
Martes,19:30,54,33
Martes,19:35,59,32
Martes,19:40,43,22
Martes,19:45,46,24
Martes,19:50,46,29
Martes,19:55,46,31
Martes,20:00,29,22
Martes,20:05,33,26
Martes,20:10,37,24
Martes,20:15,37,31
Martes,20:20,30,27
Martes,20:25,30,29
Martes,20:30,37,26
Martes,20:35,37,26
Martes,20:40,27,25
Martes,20:45,26,24
Martes,20:50,39,19
Martes,20:55,33,18
Martes,21:00,31,21
Martes,21:05,32,17
Martes,21:10,26,18
Martes,21:15,27,20
Martes,21:20,17,22
Martes,21:25,20,18
Martes,21:30,34,19
Martes,21:35,31,23
Martes,21:40,19,18
Martes,21:45,17,16
Martes,21:50,21,16
Martes,21:55,19,18
Martes,22:00,10,11
Martes,22:05,15,8
Martes,22:10,16,11
Martes,22:15,13,7
Martes,22:20,9,1
Martes,22:25,8,8
Martes,22:30,15,7
Martes,22:35,17,8
Martes,22:40,14,8
Martes,22:45,12,10
Martes,22:50,15,7
Martes,22:55,15,4
Martes,23:00,8,10
Martes,23:05,7,10
Martes,23:10,16,6
Martes,23:15,16,7
Martes,23:20,13,10
Martes,23:25,6,11
Martes,23:30,6,11
Martes,23:35,8,13
Martes,23:40,4,1
Martes,23:45,9,1
Martes,23:50,7,1
Martes,23:55,4,2
Miércoles,07:00,47,44
Miércoles,07:05,41,38
Miércoles,07:10,39,37
Miércoles,07:15,42,38
Miércoles,07:20,69,43
Miércoles,07:25,67,42
Miércoles,07:30,75,48
Miércoles,07:35,70,48
Miércoles,07:40,88,48
Miércoles,07:45,90,48
Miércoles,07:50,93,77
Miércoles,07:55,93,75
Miércoles,08:00,101,77
Miércoles,08:05,100,74
Miércoles,08:10,90,78
Miércoles,08:15,90,79
Miércoles,08:20,98,71
Miércoles,08:25,98,75
Miércoles,08:30,95,59
Miércoles,08:35,101,56
Miércoles,08:40,100,72
Miércoles,08:45,98,74
Miércoles,08:50,84,63
Miércoles,08:55,87,65
Miércoles,09:00,88,76
Miércoles,09:05,90,73
Miércoles,09:10,100,62
Miércoles,09:15,98,61
Miércoles,09:20,101,60
Miércoles,09:25,99,58
Miércoles,09:30,89,49
Miércoles,09:35,88,53
Miércoles,09:40,78,66
Miércoles,09:45,79,62
Miércoles,09:50,43,39
Miércoles,09:55,49,43
Miércoles,10:00,48,33
Miércoles,10:05,50,37
Miércoles,10:10,53,38
Miércoles,10:15,52,28
Miércoles,10:20,53,42
Miércoles,10:25,55,43
Miércoles,10:30,59,34
Miércoles,10:35,66,35
Miércoles,10:40,62,35
Miércoles,10:45,58,42
Miércoles,10:50,53,30
Miércoles,10:55,46,27
Miércoles,11:00,56,32
Miércoles,11:05,59,38
Miércoles,11:10,53,46
Miércoles,11:15,50,45
Miércoles,11:20,66,53
Miércoles,11:25,71,53
Miércoles,11:30,49,43
Miércoles,11:35,53,43
Miércoles,11:40,53,26
Miércoles,11:45,54,30
Miércoles,11:50,63,51
Miércoles,11:55,66,44
Miércoles,12:00,68,50
Miércoles,12:05,72,48
Miércoles,12:10,58,34
Miércoles,12:15,53,34
Miércoles,12:20,77,58
Miércoles,12:25,76,59
Miércoles,12:30,60,54
Miércoles,12:35,62,56
Miércoles,12:40,72,59
Miércoles,12:45,77,60
Miércoles,12:50,68,57
Miércoles,12:55,63,59
Miércoles,13:00,62,56
Miércoles,13:05,61,54
Miércoles,13:10,60,56
Miércoles,13:15,61,52
Miércoles,13:20,72,59
Miércoles,13:25,71,61
Miércoles,13:30,61,46
Miércoles,13:35,58,43
Miércoles,13:40,68,62
Miércoles,13:45,65,63
Miércoles,13:50,73,99
Miércoles,13:55,74,99
Miércoles,14:00,83,82
Miércoles,14:05,87,80
Miércoles,14:10,91,101
Miércoles,14:15,87,98
Miércoles,14:20,90,90
Miércoles,14:25,85,85
Miércoles,14:30,96,91
Miércoles,14:35,101,90
Miércoles,14:40,92,91
Miércoles,14:45,96,93
Miércoles,14:50,70,92
Miércoles,14:55,73,98
Miércoles,15:00,84,83
Miércoles,15:05,85,83
Miércoles,15:10,105,88
Miércoles,15:15,104,85
Miércoles,15:20,85,78
Miércoles,15:25,88,78
Miércoles,15:30,73,56
Miércoles,15:35,67,57
Miércoles,15:40,61,51
Miércoles,15:45,61,52
Miércoles,15:50,56,49
Miércoles,15:55,61,47
Miércoles,16:00,47,40
Miércoles,16:05,49,43
Miércoles,16:10,31,21
Miércoles,16:15,35,26
Miércoles,16:20,50,42
Miércoles,16:25,51,38
Miércoles,16:30,55,36
Miércoles,16:35,51,37
Miércoles,16:40,46,38
Miércoles,16:45,47,37
Miércoles,16:50,48,41
Miércoles,16:55,57,41
Miércoles,17:00,51,51
Miércoles,17:05,47,51
Miércoles,17:10,49,53
Miércoles,17:15,46,49
Miércoles,17:20,39,37
Miércoles,17:25,36,35
Miércoles,17:30,53,37
Miércoles,17:35,52,41
Miércoles,17:40,52,42
Miércoles,17:45,57,44
Miércoles,17:50,44,32
Miércoles,17:55,44,30
Miércoles,18:00,54,38
Miércoles,18:05,54,33
Miércoles,18:10,49,45
Miércoles,18:15,53,44
Miércoles,18:20,50,49
Miércoles,18:25,50,47
Miércoles,18:30,38,25
Miércoles,18:35,39,29
Miércoles,18:40,32,36
Miércoles,18:45,29,36
Miércoles,18:50,41,25
Miércoles,18:55,40,30
Miércoles,19:00,46,27
Miércoles,19:05,47,28
Miércoles,19:10,38,31
Miércoles,19:15,43,30
Miércoles,19:20,34,23
Miércoles,19:25,33,27
Miércoles,19:30,51,26
Miércoles,19:35,50,24
Miércoles,19:40,46,16
Miércoles,19:45,48,14
Miércoles,19:50,40,29
Miércoles,19:55,46,30
Miércoles,20:00,29,19
Miércoles,20:05,26,22
Miércoles,20:10,38,24
Miércoles,20:15,33,28
Miércoles,20:20,30,24
Miércoles,20:25,28,24
Miércoles,20:30,35,27
Miércoles,20:35,38,26
Miércoles,20:40,18,20
Miércoles,20:45,25,23
Miércoles,20:50,38,26
Miércoles,20:55,32,24
Miércoles,21:00,37,26
Miércoles,21:05,35,29
Miércoles,21:10,31,17
Miércoles,21:15,28,19
Miércoles,21:20,19,13
Miércoles,21:25,22,14
Miércoles,21:30,30,17
Miércoles,21:35,30,17
Miércoles,21:40,21,23
Miércoles,21:45,24,23
Miércoles,21:50,26,7
Miércoles,21:55,28,4
Miércoles,22:00,20,13
Miércoles,22:05,13,9
Miércoles,22:10,7,5
Miércoles,22:15,9,7
Miércoles,22:20,6,6
Miércoles,22:25,11,7
Miércoles,22:30,14,2
Miércoles,22:35,11,1
Miércoles,22:40,12,9
Miércoles,22:45,16,10
Miércoles,22:50,7,10
Miércoles,22:55,11,10
Miércoles,23:00,16,8
Miércoles,23:05,13,11
Miércoles,23:10,10,10
Miércoles,23:15,1,8
Miércoles,23:20,8,5
Miércoles,23:25,10,5
Miércoles,23:30,3,7
Miércoles,23:35,4,7
Miércoles,23:40,6,11
Miércoles,23:45,4,7
Miércoles,23:50,2,3
Miércoles,23:55,1,1
Jueves,07:00,41,33
Jueves,07:05,51,34
Jueves,07:10,45,47
Jueves,07:15,41,40
Jueves,07:20,63,49
Jueves,07:25,70,48
Jueves,07:30,75,52
Jueves,07:35,73,52
Jueves,07:40,91,51
Jueves,07:45,94,52
Jueves,07:50,92,78
Jueves,07:55,92,77
Jueves,08:00,109,75
Jueves,08:05,108,73
Jueves,08:10,95,84
Jueves,08:15,95,84
Jueves,08:20,105,78
Jueves,08:25,109,74
Jueves,08:30,97,65
Jueves,08:35,102,59
Jueves,08:40,98,68
Jueves,08:45,95,71
Jueves,08:50,85,69
Jueves,08:55,82,61
Jueves,09:00,87,74
Jueves,09:05,86,81
Jueves,09:10,97,65
Jueves,09:15,105,63
Jueves,09:20,103,60
Jueves,09:25,109,60
Jueves,09:30,81,56
Jueves,09:35,90,60
Jueves,09:40,80,54
Jueves,09:45,82,62
Jueves,09:50,50,42
Jueves,09:55,51,43
Jueves,10:00,51,31
Jueves,10:05,52,29
Jueves,10:10,49,36
Jueves,10:15,45,35
Jueves,10:20,49,44
Jueves,10:25,51,48
Jueves,10:30,66,35
Jueves,10:35,63,43
Jueves,10:40,46,38
Jueves,10:45,46,37
Jueves,10:50,45,32
Jueves,10:55,48,29
Jueves,11:00,52,28
Jueves,11:05,52,31
Jueves,11:10,54,34
Jueves,11:15,58,36
Jueves,11:20,66,45
Jueves,11:25,66,44
Jueves,11:30,52,40
Jueves,11:35,53,36
Jueves,11:40,59,27
Jueves,11:45,55,24
Jueves,11:50,58,50
Jueves,11:55,54,50
Jueves,12:00,68,50
Jueves,12:05,70,44
Jueves,12:10,55,46
Jueves,12:15,61,44
Jueves,12:20,64,56
Jueves,12:25,65,61
Jueves,12:30,65,55
Jueves,12:35,62,57
Jueves,12:40,77,67
Jueves,12:45,81,73
Jueves,12:50,64,49
Jueves,12:55,66,56
Jueves,13:00,55,63
Jueves,13:05,58,58
Jueves,13:10,66,55
Jueves,13:15,72,59
Jueves,13:20,71,60
Jueves,13:25,76,59
Jueves,13:30,62,66
Jueves,13:35,63,63
Jueves,13:40,65,60
Jueves,13:45,68,64
Jueves,13:50,73,104
Jueves,13:55,71,99
Jueves,14:00,87,77
Jueves,14:05,83,79
Jueves,14:10,93,99
Jueves,14:15,91,92
Jueves,14:20,81,91
Jueves,14:25,83,88
Jueves,14:30,100,86
Jueves,14:35,101,89
Jueves,14:40,90,90
Jueves,14:45,94,92
Jueves,14:50,68,90
Jueves,14:55,70,91
Jueves,15:00,96,81
Jueves,15:05,95,83
Jueves,15:10,107,88
Jueves,15:15,105,90
Jueves,15:20,85,75
Jueves,15:25,81,76
Jueves,15:30,69,63
Jueves,15:35,73,64
Jueves,15:40,54,48
Jueves,15:45,54,52
Jueves,15:50,61,50
Jueves,15:55,57,45
Jueves,16:00,48,38
Jueves,16:05,50,37
Jueves,16:10,32,22
Jueves,16:15,33,27
Jueves,16:20,50,36
Jueves,16:25,56,38
Jueves,16:30,56,40
Jueves,16:35,61,46
Jueves,16:40,48,36
Jueves,16:45,50,35
Jueves,16:50,52,51
Jueves,16:55,54,49
Jueves,17:00,54,32
Jueves,17:05,55,38
Jueves,17:10,52,52
Jueves,17:15,55,52
Jueves,17:20,36,30
Jueves,17:25,44,23
Jueves,17:30,47,42
Jueves,17:35,43,47
Jueves,17:40,61,45
Jueves,17:45,64,46
Jueves,17:50,51,35
Jueves,17:55,49,36
Jueves,18:00,56,29
Jueves,18:05,58,28
Jueves,18:10,45,37
Jueves,18:15,51,40
Jueves,18:20,60,43
Jueves,18:25,48,44
Jueves,18:30,43,27
Jueves,18:35,41,27
Jueves,18:40,35,27
Jueves,18:45,39,26
Jueves,18:50,43,25
Jueves,18:55,43,30
Jueves,19:00,38,25
Jueves,19:05,39,22
Jueves,19:10,37,28
Jueves,19:15,36,30
Jueves,19:20,38,22
Jueves,19:25,31,25
Jueves,19:30,58,20
Jueves,19:35,55,26
Jueves,19:40,47,13
Jueves,19:45,43,12
Jueves,19:50,57,30
Jueves,19:55,56,30
Jueves,20:00,38,20
Jueves,20:05,37,28
Jueves,20:10,46,26
Jueves,20:15,40,21
Jueves,20:20,23,19
Jueves,20:25,25,22
Jueves,20:30,44,26
Jueves,20:35,42,28
Jueves,20:40,28,21
Jueves,20:45,21,23
Jueves,20:50,33,25
Jueves,20:55,33,23
Jueves,21:00,40,22
Jueves,21:05,35,25
Jueves,21:10,23,19
Jueves,21:15,29,20
Jueves,21:20,24,12
Jueves,21:25,27,12
Jueves,21:30,32,18
Jueves,21:35,31,16
Jueves,21:40,18,25
Jueves,21:45,12,22
Jueves,21:50,22,16
Jueves,21:55,24,16
Jueves,22:00,21,13
Jueves,22:05,24,15
Jueves,22:10,15,7
Jueves,22:15,14,10
Jueves,22:20,12,4
Jueves,22:25,20,7
Jueves,22:30,9,1
Jueves,22:35,5,1
Jueves,22:40,9,10
Jueves,22:45,13,10
Jueves,22:50,18,10
Jueves,22:55,17,12
Jueves,23:00,7,8
Jueves,23:05,13,6
Jueves,23:10,4,18
Jueves,23:15,2,7
Jueves,23:20,4,9
Jueves,23:25,2,10
Jueves,23:30,1,9
Jueves,23:35,5,8
Jueves,23:40,13,9
Jueves,23:45,17,8
Jueves,23:50,2,2
Jueves,23:55,1,3
Viernes,07:00,42,40
Viernes,07:05,47,37
Viernes,07:10,44,37
Viernes,07:15,45,35
Viernes,07:20,72,37
Viernes,07:25,70,38
Viernes,07:30,78,47
Viernes,07:35,72,49
Viernes,07:40,93,48
Viernes,07:45,89,48
Viernes,07:50,83,65
Viernes,07:55,88,73
Viernes,08:00,103,77
Viernes,08:05,105,77
Viernes,08:10,89,80
Viernes,08:15,82,81
Viernes,08:20,95,71
Viernes,08:25,95,69
Viernes,08:30,95,58
Viernes,08:35,91,60
Viernes,08:40,90,71
Viernes,08:45,91,68
Viernes,08:50,88,69
Viernes,08:55,86,70
Viernes,09:00,91,71
Viernes,09:05,91,70
Viernes,09:10,107,59
Viernes,09:15,102,63
Viernes,09:20,103,51
Viernes,09:25,106,52
Viernes,09:30,82,53
Viernes,09:35,76,54
Viernes,09:40,76,71
Viernes,09:45,82,67
Viernes,09:50,52,44
Viernes,09:55,55,44
Viernes,10:00,46,37
Viernes,10:05,52,42
Viernes,10:10,56,39
Viernes,10:15,52,38
Viernes,10:20,59,45
Viernes,10:25,60,44
Viernes,10:30,60,46
Viernes,10:35,60,40
Viernes,10:40,60,42
Viernes,10:45,63,42
Viernes,10:50,61,35
Viernes,10:55,55,30
Viernes,11:00,58,44
Viernes,11:05,58,45
Viernes,11:10,65,47
Viernes,11:15,70,44
Viernes,11:20,65,45
Viernes,11:25,69,46
Viernes,11:30,45,40
Viernes,11:35,49,43
Viernes,11:40,57,39
Viernes,11:45,56,33
Viernes,11:50,62,55
Viernes,11:55,58,48
Viernes,12:00,67,40
Viernes,12:05,64,37
Viernes,12:10,52,46
Viernes,12:15,59,47
Viernes,12:20,68,62
Viernes,12:25,68,64
Viernes,12:30,61,57
Viernes,12:35,63,57
Viernes,12:40,82,65
Viernes,12:45,83,65
Viernes,12:50,64,58
Viernes,12:55,64,62
Viernes,13:00,65,55
Viernes,13:05,63,52
Viernes,13:10,67,62
Viernes,13:15,69,59
Viernes,13:20,71,59
Viernes,13:25,68,60
Viernes,13:30,63,55
Viernes,13:35,67,54
Viernes,13:40,64,67
Viernes,13:45,71,64
Viernes,13:50,84,99
Viernes,13:55,80,105
Viernes,14:00,88,68
Viernes,14:05,86,67
Viernes,14:10,90,100
Viernes,14:15,91,92
Viernes,14:20,81,89
Viernes,14:25,91,87
Viernes,14:30,89,100
Viernes,14:35,92,97
Viernes,14:40,95,89
Viernes,14:45,94,88
Viernes,14:50,70,82
Viernes,14:55,75,86
Viernes,15:00,94,90
Viernes,15:05,93,91
Viernes,15:10,98,84
Viernes,15:15,100,81
Viernes,15:20,76,73
Viernes,15:25,78,76
Viernes,15:30,65,71
Viernes,15:35,67,64
Viernes,15:40,63,54
Viernes,15:45,63,51
Viernes,15:50,59,55
Viernes,15:55,54,52
Viernes,16:00,58,39
Viernes,16:05,52,37
Viernes,16:10,31,15
Viernes,16:15,32,21
Viernes,16:20,53,40
Viernes,16:25,55,42
Viernes,16:30,56,41
Viernes,16:35,56,41
Viernes,16:40,45,33
Viernes,16:45,46,29
Viernes,16:50,56,37
Viernes,16:55,43,33
Viernes,17:00,41,41
Viernes,17:05,43,43
Viernes,17:10,52,50
Viernes,17:15,53,56
Viernes,17:20,42,34
Viernes,17:25,37,35
Viernes,17:30,51,38
Viernes,17:35,54,34
Viernes,17:40,57,54
Viernes,17:45,58,44
Viernes,17:50,46,38
Viernes,17:55,45,37
Viernes,18:00,66,30
Viernes,18:05,65,36
Viernes,18:10,54,33
Viernes,18:15,59,41
Viernes,18:20,53,42
Viernes,18:25,56,42
Viernes,18:30,44,26
Viernes,18:35,43,30
Viernes,18:40,36,27
Viernes,18:45,34,23
Viernes,18:50,36,27
Viernes,18:55,42,26
Viernes,19:00,44,20
Viernes,19:05,43,21
Viernes,19:10,35,29
Viernes,19:15,39,32
Viernes,19:20,35,22
Viernes,19:25,37,27
Viernes,19:30,55,19
Viernes,19:35,59,24
Viernes,19:40,44,23
Viernes,19:45,45,22
Viernes,19:50,47,32
Viernes,19:55,45,32
Viernes,20:00,32,19
Viernes,20:05,37,23
Viernes,20:10,41,27
Viernes,20:15,42,29
Viernes,20:20,22,18
Viernes,20:25,24,26
Viernes,20:30,37,26
Viernes,20:35,42,26
Viernes,20:40,15,27
Viernes,20:45,18,22
Viernes,20:50,35,29
Viernes,20:55,32,23
Viernes,21:00,31,28
Viernes,21:05,31,19
Viernes,21:10,27,19
Viernes,21:15,27,18
Viernes,21:20,19,15
Viernes,21:25,24,11
Viernes,21:30,28,12
Viernes,21:35,27,15
Viernes,21:40,29,22
Viernes,21:45,26,26
Viernes,21:50,18,24
Viernes,21:55,21,25
Viernes,22:00,20,12
Viernes,22:05,10,11
Viernes,22:10,22,15
Viernes,22:15,19,14
Viernes,22:20,12,8
Viernes,22:25,12,7
Viernes,22:30,17,1
Viernes,22:35,11,1
Viernes,22:40,24,7
Viernes,22:45,14,9
Viernes,22:50,11,4
Viernes,22:55,12,2
Viernes,23:00,16,14
Viernes,23:05,12,8
Viernes,23:10,10,1
Viernes,23:15,13,4
Viernes,23:20,13,8
Viernes,23:25,15,8
Viernes,23:30,12,14
Viernes,23:35,11,11
Viernes,23:40,3,1
Viernes,23:45,5,1
Viernes,23:50,1,1
Viernes,23:55,3,2
